<?xml version="1.0" encoding="UTF-8"?>
<export version="D">
  <design>
    <source>C:\Users\Tisham\Documents\kicad\din_meter_atm90e26\din_meter_atm90e26.sch</source>
    <date>23/10/2017 9:38:45 PM</date>
    <tool>Eeschema (2017-06-19 revision 6733101c6)-makepkg</tool>
    <sheet number="1" name="/" tstamps="/">
      <title_block>
        <title/>
        <company/>
        <rev/>
        <date/>
        <source>din_meter_atm90e26.sch</source>
        <comment number="1" value=""/>
        <comment number="2" value=""/>
        <comment number="3" value=""/>
        <comment number="4" value=""/>
      </title_block>
    </sheet>
  </design>
  <components>
    <comp ref="M1">
      <value>ATM90E26_ATM90E26</value>
      <footprint>Housings_SSOP:SSOP-28_5.3x10.2mm_Pitch0.65mm</footprint>
      <libsource lib="ATM90E26_Featherwing" part="ATM90E26_ATM90E26"/>
      <sheetpath names="/" tstamps="/"/>
      <tstamp>59AAAE84</tstamp>
    </comp>
    <comp ref="C2">
      <value>100n</value>
      <footprint>Capacitors_SMD:C_0402</footprint>
      <libsource lib="device" part="C_Small"/>
      <sheetpath names="/" tstamps="/"/>
      <tstamp>59C71B7A</tstamp>
    </comp>
    <comp ref="C3">
      <value>100n</value>
      <footprint>Capacitors_SMD:C_0402</footprint>
      <libsource lib="device" part="C_Small"/>
      <sheetpath names="/" tstamps="/"/>
      <tstamp>59C71BFC</tstamp>
    </comp>
    <comp ref="C5">
      <value>100n</value>
      <footprint>Capacitors_SMD:C_0402</footprint>
      <libsource lib="device" part="C_Small"/>
      <sheetpath names="/" tstamps="/"/>
      <tstamp>59C71CA1</tstamp>
    </comp>
    <comp ref="C1">
      <value>10u</value>
      <footprint>Capacitors_SMD:C_0603</footprint>
      <libsource lib="device" part="CP1_Small"/>
      <sheetpath names="/" tstamps="/"/>
      <tstamp>59C71D35</tstamp>
    </comp>
    <comp ref="C4">
      <value>10u</value>
      <footprint>Capacitors_SMD:C_0603</footprint>
      <libsource lib="device" part="CP1_Small"/>
      <sheetpath names="/" tstamps="/"/>
      <tstamp>59C71E3D</tstamp>
    </comp>
    <comp ref="J2">
      <value>MMD1</value>
      <footprint>Connectors:GS3</footprint>
      <libsource lib="conn" part="GS3"/>
      <sheetpath names="/" tstamps="/"/>
      <tstamp>59CBC1DC</tstamp>
    </comp>
    <comp ref="J3">
      <value>MMD0</value>
      <footprint>Connectors:GS3</footprint>
      <libsource lib="conn" part="GS3"/>
      <sheetpath names="/" tstamps="/"/>
      <tstamp>59CBC275</tstamp>
    </comp>
    <comp ref="J1">
      <value>USEL</value>
      <footprint>Connectors:GS3</footprint>
      <libsource lib="conn" part="GS3"/>
      <sheetpath names="/" tstamps="/"/>
      <tstamp>59CBCB17</tstamp>
    </comp>
    <comp ref="J4">
      <value>CONN_02X18</value>
      <footprint>Connectors:PCI-EXPRESS</footprint>
      <libsource lib="ATM90E26_Featherwing" part="PCIx1"/>
      <sheetpath names="/" tstamps="/"/>
      <tstamp>59CF9032</tstamp>
    </comp>
    <comp ref="Y1">
      <value>Crystal_Small</value>
      <footprint>Crystals:Crystal_SMD_5032-2pin_5.0x3.2mm</footprint>
      <fields>
        <field name="manf#">5XFA08192123TF80Q3</field>
      </fields>
      <libsource lib="device" part="Crystal_Small"/>
      <sheetpath names="/" tstamps="/"/>
      <tstamp>59D4E4AC</tstamp>
    </comp>
    <comp ref="C6">
      <value>20p</value>
      <footprint>Capacitors_SMD:C_0402</footprint>
      <fields>
        <field name="manf#">04025A200JAT2A</field>
      </fields>
      <libsource lib="device" part="C_Small"/>
      <sheetpath names="/" tstamps="/"/>
      <tstamp>59D4E65E</tstamp>
    </comp>
    <comp ref="C7">
      <value>20p</value>
      <footprint>Capacitors_SMD:C_0402</footprint>
      <libsource lib="device" part="C_Small"/>
      <sheetpath names="/" tstamps="/"/>
      <tstamp>59D4E6D0</tstamp>
    </comp>
    <comp ref="J5">
      <value>CONN_01X10</value>
      <footprint>52418-1010:SHDR10W60P200_1X10_2150X400X335P</footprint>
      <fields>
        <field name="manf#">52418-1010</field>
      </fields>
      <libsource lib="conn" part="CONN_01X10"/>
      <sheetpath names="/" tstamps="/"/>
      <tstamp>59DB7B0F</tstamp>
    </comp>
    <comp ref="Y2">
      <value>Crystal_Small</value>
      <footprint>Crystals:Crystal_SMD_5032-2pin_5.0x3.2mm</footprint>
      <libsource lib="device" part="Crystal_Small"/>
      <sheetpath names="/" tstamps="/"/>
      <tstamp>59DB8266</tstamp>
    </comp>
    <comp ref="C13">
      <value>20p</value>
      <footprint>Capacitors_SMD:C_0402</footprint>
      <libsource lib="device" part="C_Small"/>
      <sheetpath names="/" tstamps="/"/>
      <tstamp>59DB826C</tstamp>
    </comp>
    <comp ref="C14">
      <value>20p</value>
      <footprint>Capacitors_SMD:C_0402</footprint>
      <libsource lib="device" part="C_Small"/>
      <sheetpath names="/" tstamps="/"/>
      <tstamp>59DB8272</tstamp>
    </comp>
    <comp ref="M2">
      <value>ATM90E26_ATM90E26</value>
      <footprint>Housings_SSOP:SSOP-28_5.3x10.2mm_Pitch0.65mm</footprint>
      <fields>
        <field name="manf#">ATM90E26-YU-B</field>
      </fields>
      <libsource lib="ATM90E26_Featherwing" part="ATM90E26_ATM90E26"/>
      <sheetpath names="/" tstamps="/"/>
      <tstamp>59DB83F8</tstamp>
    </comp>
    <comp ref="C9">
      <value>100n</value>
      <footprint>Capacitors_SMD:C_0402</footprint>
      <fields>
        <field name="manf#">GRM155R71C104KA88D</field>
      </fields>
      <libsource lib="device" part="C_Small"/>
      <sheetpath names="/" tstamps="/"/>
      <tstamp>59DB83FE</tstamp>
    </comp>
    <comp ref="C10">
      <value>100n</value>
      <footprint>Capacitors_SMD:C_0402</footprint>
      <libsource lib="device" part="C_Small"/>
      <sheetpath names="/" tstamps="/"/>
      <tstamp>59DB8404</tstamp>
    </comp>
    <comp ref="C12">
      <value>100n</value>
      <footprint>Capacitors_SMD:C_0402</footprint>
      <libsource lib="device" part="C_Small"/>
      <sheetpath names="/" tstamps="/"/>
      <tstamp>59DB840A</tstamp>
    </comp>
    <comp ref="C8">
      <value>10u</value>
      <footprint>Capacitors_SMD:C_0603</footprint>
      <fields>
        <field name="manf#">GRM155B11A333KA01D</field>
      </fields>
      <libsource lib="device" part="CP1_Small"/>
      <sheetpath names="/" tstamps="/"/>
      <tstamp>59DB8410</tstamp>
    </comp>
    <comp ref="C11">
      <value>10u</value>
      <footprint>Capacitors_SMD:C_0603</footprint>
      <libsource lib="device" part="CP1_Small"/>
      <sheetpath names="/" tstamps="/"/>
      <tstamp>59DB8416</tstamp>
    </comp>
    <comp ref="J7">
      <value>MMD1</value>
      <footprint>Connectors:GS3</footprint>
      <libsource lib="conn" part="GS3"/>
      <sheetpath names="/" tstamps="/"/>
      <tstamp>59DB8430</tstamp>
    </comp>
    <comp ref="J8">
      <value>MMD0</value>
      <footprint>Connectors:GS3</footprint>
      <libsource lib="conn" part="GS3"/>
      <sheetpath names="/" tstamps="/"/>
      <tstamp>59DB8436</tstamp>
    </comp>
    <comp ref="J6">
      <value>USEL</value>
      <footprint>Connectors:GS3</footprint>
      <libsource lib="conn" part="GS3"/>
      <sheetpath names="/" tstamps="/"/>
      <tstamp>59DB8448</tstamp>
    </comp>
    <comp ref="R2">
      <value>1K</value>
      <footprint>Resistors_SMD:R_0402</footprint>
      <libsource lib="device" part="R_Small"/>
      <sheetpath names="/" tstamps="/"/>
      <tstamp>59DE5B75</tstamp>
    </comp>
    <comp ref="C16">
      <value>33n</value>
      <footprint>Capacitors_SMD:C_0402</footprint>
      <libsource lib="device" part="C_Small"/>
      <sheetpath names="/" tstamps="/"/>
      <tstamp>59DE5C3F</tstamp>
    </comp>
    <comp ref="R1">
      <value>1K</value>
      <footprint>Resistors_SMD:R_0402</footprint>
      <fields>
        <field name="manf#">CRCW04021K00FKED</field>
      </fields>
      <libsource lib="device" part="R_Small"/>
      <sheetpath names="/" tstamps="/"/>
      <tstamp>59DE5FAB</tstamp>
    </comp>
    <comp ref="C15">
      <value>33n</value>
      <footprint>Capacitors_SMD:C_0402</footprint>
      <libsource lib="device" part="C_Small"/>
      <sheetpath names="/" tstamps="/"/>
      <tstamp>59DE5FB1</tstamp>
    </comp>
    <comp ref="R4">
      <value>1K</value>
      <footprint>Resistors_SMD:R_0402</footprint>
      <libsource lib="device" part="R_Small"/>
      <sheetpath names="/" tstamps="/"/>
      <tstamp>59DED819</tstamp>
    </comp>
    <comp ref="C18">
      <value>33n</value>
      <footprint>Capacitors_SMD:C_0402</footprint>
      <libsource lib="device" part="C_Small"/>
      <sheetpath names="/" tstamps="/"/>
      <tstamp>59DED81F</tstamp>
    </comp>
    <comp ref="R3">
      <value>1K</value>
      <footprint>Resistors_SMD:R_0402</footprint>
      <libsource lib="device" part="R_Small"/>
      <sheetpath names="/" tstamps="/"/>
      <tstamp>59DED825</tstamp>
    </comp>
    <comp ref="C17">
      <value>33n</value>
      <footprint>Capacitors_SMD:C_0402</footprint>
      <libsource lib="device" part="C_Small"/>
      <sheetpath names="/" tstamps="/"/>
      <tstamp>59DED82B</tstamp>
    </comp>
    <comp ref="R6">
      <value>1K</value>
      <footprint>Resistors_SMD:R_0402</footprint>
      <libsource lib="device" part="R_Small"/>
      <sheetpath names="/" tstamps="/"/>
      <tstamp>59DEDB31</tstamp>
    </comp>
    <comp ref="C20">
      <value>33n</value>
      <footprint>Capacitors_SMD:C_0402</footprint>
      <libsource lib="device" part="C_Small"/>
      <sheetpath names="/" tstamps="/"/>
      <tstamp>59DEDB37</tstamp>
    </comp>
    <comp ref="R5">
      <value>1K</value>
      <footprint>Resistors_SMD:R_0402</footprint>
      <libsource lib="device" part="R_Small"/>
      <sheetpath names="/" tstamps="/"/>
      <tstamp>59DEDB3D</tstamp>
    </comp>
    <comp ref="C19">
      <value>33n</value>
      <footprint>Capacitors_SMD:C_0402</footprint>
      <libsource lib="device" part="C_Small"/>
      <sheetpath names="/" tstamps="/"/>
      <tstamp>59DEDB43</tstamp>
    </comp>
    <comp ref="G1">
      <value>LOGO</value>
      <footprint>Whatnick_logo:Whatnick_logo</footprint>
      <libsource lib="whatnick" part="LOGO"/>
      <sheetpath names="/" tstamps="/"/>
      <tstamp>59DE12B1</tstamp>
    </comp>
    <comp ref="LOGO1">
      <value>Logo_Open_Hardware_Small</value>
      <footprint>Symbols:OSHW-Logo2_7.3x6mm_SilkScreen</footprint>
      <libsource lib="graphic_symbols" part="Logo_Open_Hardware_Small"/>
      <sheetpath names="/" tstamps="/"/>
      <tstamp>59DE1500</tstamp>
    </comp>
    <comp ref="SYM1">
      <value>SYM_Flash_Small</value>
      <libsource lib="graphic_symbols" part="SYM_Flash_Small"/>
      <sheetpath names="/" tstamps="/"/>
      <tstamp>59DE1710</tstamp>
    </comp>
    <comp ref="R7">
      <value>1K</value>
      <footprint>Resistors_SMD:R_0402</footprint>
      <libsource lib="device" part="R_Small"/>
      <sheetpath names="/" tstamps="/"/>
      <tstamp>59DE2CC6</tstamp>
    </comp>
    <comp ref="C21">
      <value>33n</value>
      <footprint>Capacitors_SMD:C_0402</footprint>
      <libsource lib="device" part="C_Small"/>
      <sheetpath names="/" tstamps="/"/>
      <tstamp>59DE2D66</tstamp>
    </comp>
    <comp ref="C22">
      <value>33n</value>
      <footprint>Capacitors_SMD:C_0402</footprint>
      <libsource lib="device" part="C_Small"/>
      <sheetpath names="/" tstamps="/"/>
      <tstamp>59DE2E00</tstamp>
    </comp>
    <comp ref="R8">
      <value>1K</value>
      <footprint>Resistors_SMD:R_0402</footprint>
      <libsource lib="device" part="R_Small"/>
      <sheetpath names="/" tstamps="/"/>
      <tstamp>59DE2E6A</tstamp>
    </comp>
    <comp ref="R9">
      <value>1K</value>
      <footprint>Resistors_SMD:R_0402</footprint>
      <libsource lib="device" part="R_Small"/>
      <sheetpath names="/" tstamps="/"/>
      <tstamp>59DE3078</tstamp>
    </comp>
    <comp ref="C23">
      <value>33n</value>
      <footprint>Capacitors_SMD:C_0402</footprint>
      <libsource lib="device" part="C_Small"/>
      <sheetpath names="/" tstamps="/"/>
      <tstamp>59DE307E</tstamp>
    </comp>
    <comp ref="C24">
      <value>33n</value>
      <footprint>Capacitors_SMD:C_0402</footprint>
      <libsource lib="device" part="C_Small"/>
      <sheetpath names="/" tstamps="/"/>
      <tstamp>59DE3084</tstamp>
    </comp>
    <comp ref="R10">
      <value>1K</value>
      <footprint>Resistors_SMD:R_0402</footprint>
      <libsource lib="device" part="R_Small"/>
      <sheetpath names="/" tstamps="/"/>
      <tstamp>59DE308A</tstamp>
    </comp>
    <comp ref="L1">
      <value>GND_SUP</value>
      <footprint>Inductors_SMD:L_0402</footprint>
      <libsource lib="device" part="L_Core_Ferrite_Small"/>
      <sheetpath names="/" tstamps="/"/>
      <tstamp>59E3432C</tstamp>
    </comp>
    <comp ref="L2">
      <value>3V3_SUP</value>
      <footprint>Inductors_SMD:L_0402</footprint>
      <libsource lib="device" part="L_Core_Ferrite_Small"/>
      <sheetpath names="/" tstamps="/"/>
      <tstamp>59E343F4</tstamp>
    </comp>
    <comp ref="ZX_0">
      <value>ZX_0</value>
      <footprint>Measurement_Points:Measurement_Point_Round-SMD-Pad_Small</footprint>
      <libsource lib="conn" part="TEST_1P"/>
      <sheetpath names="/" tstamps="/"/>
      <tstamp>59E39C00</tstamp>
    </comp>
    <comp ref="IRQ_0">
      <value>IRQ_0</value>
      <footprint>Measurement_Points:Measurement_Point_Round-SMD-Pad_Small</footprint>
      <libsource lib="conn" part="TEST_1P"/>
      <sheetpath names="/" tstamps="/"/>
      <tstamp>59E39DC7</tstamp>
    </comp>
    <comp ref="CF2_0">
      <value>CF2_0</value>
      <footprint>Measurement_Points:Measurement_Point_Round-SMD-Pad_Small</footprint>
      <libsource lib="conn" part="TEST_1P"/>
      <sheetpath names="/" tstamps="/"/>
      <tstamp>59E39E43</tstamp>
    </comp>
    <comp ref="CF1_0">
      <value>CF1_0</value>
      <footprint>Measurement_Points:Measurement_Point_Round-SMD-Pad_Small</footprint>
      <libsource lib="conn" part="TEST_1P"/>
      <sheetpath names="/" tstamps="/"/>
      <tstamp>59E39F41</tstamp>
    </comp>
    <comp ref="WARN_0">
      <value>WARN_0</value>
      <footprint>Measurement_Points:Measurement_Point_Round-SMD-Pad_Small</footprint>
      <libsource lib="conn" part="TEST_1P"/>
      <sheetpath names="/" tstamps="/"/>
      <tstamp>59E39FC1</tstamp>
    </comp>
    <comp ref="ZX_1">
      <value>ZX_1</value>
      <footprint>Measurement_Points:Measurement_Point_Round-SMD-Pad_Small</footprint>
      <libsource lib="conn" part="TEST_1P"/>
      <sheetpath names="/" tstamps="/"/>
      <tstamp>59E3AC2D</tstamp>
    </comp>
    <comp ref="IRQ_1">
      <value>IRQ_1</value>
      <footprint>Measurement_Points:Measurement_Point_Round-SMD-Pad_Small</footprint>
      <libsource lib="conn" part="TEST_1P"/>
      <sheetpath names="/" tstamps="/"/>
      <tstamp>59E3AC33</tstamp>
    </comp>
    <comp ref="CF2_1">
      <value>CF2_1</value>
      <footprint>Measurement_Points:Measurement_Point_Round-SMD-Pad_Small</footprint>
      <libsource lib="conn" part="TEST_1P"/>
      <sheetpath names="/" tstamps="/"/>
      <tstamp>59E3AC39</tstamp>
    </comp>
    <comp ref="CF1_1">
      <value>CF1_1</value>
      <footprint>Measurement_Points:Measurement_Point_Round-SMD-Pad_Small</footprint>
      <libsource lib="conn" part="TEST_1P"/>
      <sheetpath names="/" tstamps="/"/>
      <tstamp>59E3AC3F</tstamp>
    </comp>
    <comp ref="WARN_1">
      <value>WARN_1</value>
      <footprint>Measurement_Points:Measurement_Point_Round-SMD-Pad_Small</footprint>
      <libsource lib="conn" part="TEST_1P"/>
      <sheetpath names="/" tstamps="/"/>
      <tstamp>59E3AC45</tstamp>
    </comp>
  </components>
  <libparts>
    <libpart lib="ATM90E26_Featherwing" part="ATM90E26_ATM90E26">
      <footprints>
        <fp>*ATM90E26_SSOP-28*</fp>
      </footprints>
      <fields>
        <field name="Reference">M</field>
        <field name="Value">ATM90E26_ATM90E26</field>
      </fields>
      <pins>
        <pin num="1" name="MMD1" type="input"/>
        <pin num="2" name="DGND" type="power_in"/>
        <pin num="3" name="DVDD" type="power_in"/>
        <pin num="4" name="~RESET" type="input"/>
        <pin num="5" name="AVDD" type="power_in"/>
        <pin num="6" name="AGND" type="power_in"/>
        <pin num="7" name="I2P" type="input"/>
        <pin num="8" name="I2N" type="input"/>
        <pin num="9" name="~RESV" type="input"/>
        <pin num="10" name="I1P" type="input"/>
        <pin num="11" name="I1N" type="input"/>
        <pin num="12" name="USEL" type="input"/>
        <pin num="13" name="VREF" type="power_out"/>
        <pin num="14" name="AGND" type="power_in"/>
        <pin num="15" name="VN" type="input"/>
        <pin num="16" name="VP" type="input"/>
        <pin num="17" name="WARNOUT" type="output"/>
        <pin num="18" name="CF1" type="output"/>
        <pin num="19" name="CF2" type="output"/>
        <pin num="20" name="IRQ" type="output"/>
        <pin num="21" name="ZX" type="BiDi"/>
        <pin num="22" name="OSCI" type="input"/>
        <pin num="23" name="OSCO" type="output"/>
        <pin num="24" name="~CS" type="input"/>
        <pin num="25" name="SCLK" type="input"/>
        <pin num="26" name="SDO/UTX" type="output"/>
        <pin num="27" name="SDI/URX" type="input"/>
        <pin num="28" name="MMD0" type="input"/>
      </pins>
    </libpart>
    <libpart lib="conn" part="CONN_01X10">
      <description>Connector, single row, 01x10, pin header</description>
      <footprints>
        <fp>Pin_Header_Straight_1X*</fp>
        <fp>Pin_Header_Angled_1X*</fp>
        <fp>Socket_Strip_Straight_1X*</fp>
        <fp>Socket_Strip_Angled_1X*</fp>
      </footprints>
      <fields>
        <field name="Reference">J</field>
        <field name="Value">CONN_01X10</field>
      </fields>
      <pins>
        <pin num="1" name="P1" type="passive"/>
        <pin num="2" name="P2" type="passive"/>
        <pin num="3" name="P3" type="passive"/>
        <pin num="4" name="P4" type="passive"/>
        <pin num="5" name="P5" type="passive"/>
        <pin num="6" name="P6" type="passive"/>
        <pin num="7" name="P7" type="passive"/>
        <pin num="8" name="P8" type="passive"/>
        <pin num="9" name="P9" type="passive"/>
        <pin num="10" name="P10" type="passive"/>
      </pins>
    </libpart>
    <libpart lib="device" part="CP1_Small">
      <description>Polarised capacitor</description>
      <footprints>
        <fp>CP_*</fp>
      </footprints>
      <fields>
        <field name="Reference">C</field>
        <field name="Value">CP1_Small</field>
      </fields>
      <pins>
        <pin num="1" name="~" type="passive"/>
        <pin num="2" name="~" type="passive"/>
      </pins>
    </libpart>
    <libpart lib="device" part="C_Small">
      <description>Unpolarized capacitor</description>
      <footprints>
        <fp>C_*</fp>
      </footprints>
      <fields>
        <field name="Reference">C</field>
        <field name="Value">C_Small</field>
      </fields>
      <pins>
        <pin num="1" name="~" type="passive"/>
        <pin num="2" name="~" type="passive"/>
      </pins>
    </libpart>
    <libpart lib="device" part="Crystal_Small">
      <description>Two pin crystal, small symbol</description>
      <footprints>
        <fp>Crystal*</fp>
      </footprints>
      <fields>
        <field name="Reference">Y</field>
        <field name="Value">Crystal_Small</field>
      </fields>
      <pins>
        <pin num="1" name="1" type="passive"/>
        <pin num="2" name="2" type="passive"/>
      </pins>
    </libpart>
    <libpart lib="conn" part="GS3">
      <description>3-pin jumper/solder bridge</description>
      <footprints>
        <fp>GS*</fp>
      </footprints>
      <fields>
        <field name="Reference">J</field>
        <field name="Value">GS3</field>
        <field name="Footprint">Connectors:GS3</field>
      </fields>
      <pins>
        <pin num="1" name="G1" type="passive"/>
        <pin num="2" name="G2" type="passive"/>
        <pin num="3" name="G3" type="passive"/>
      </pins>
    </libpart>
    <libpart lib="whatnick" part="LOGO">
      <fields>
        <field name="Reference">#G</field>
        <field name="Value">LOGO</field>
      </fields>
    </libpart>
    <libpart lib="device" part="L_Core_Ferrite_Small">
      <description>Inductor with ferrite core, small symbol</description>
      <footprints>
        <fp>Choke_*</fp>
        <fp>*Coil*</fp>
        <fp>Inductor_*</fp>
        <fp>L_*</fp>
      </footprints>
      <fields>
        <field name="Reference">L</field>
        <field name="Value">L_Core_Ferrite_Small</field>
      </fields>
      <pins>
        <pin num="1" name="~" type="passive"/>
        <pin num="2" name="~" type="passive"/>
      </pins>
    </libpart>
    <libpart lib="graphic_symbols" part="Logo_Open_Hardware_Small">
      <description>small Open Hardware Logo</description>
      <docs>~</docs>
      <fields>
        <field name="Reference">#LOGO</field>
        <field name="Value">Logo_Open_Hardware_Small</field>
      </fields>
    </libpart>
    <libpart lib="ATM90E26_Featherwing" part="PCIx1">
      <description>Connector, double row, 02x18, pin header</description>
      <footprints>
        <fp>Pin_Header_Straight_2X*</fp>
        <fp>Pin_Header_Angled_2X*</fp>
        <fp>Socket_Strip_Straight_2X*</fp>
        <fp>Socket_Strip_Angled_2X*</fp>
      </footprints>
      <fields>
        <field name="Reference">J</field>
        <field name="Value">PCIx1</field>
      </fields>
      <pins>
        <pin num="A1" name="P1" type="passive"/>
        <pin num="A2" name="P3" type="passive"/>
        <pin num="A3" name="P5" type="passive"/>
        <pin num="A4" name="P7" type="passive"/>
        <pin num="A5" name="P9" type="passive"/>
        <pin num="A6" name="P11" type="passive"/>
        <pin num="A7" name="P13" type="passive"/>
        <pin num="A8" name="P15" type="passive"/>
        <pin num="A9" name="P17" type="passive"/>
        <pin num="A10" name="P19" type="passive"/>
        <pin num="A11" name="P21" type="passive"/>
        <pin num="A12" name="P23" type="passive"/>
        <pin num="A13" name="P25" type="passive"/>
        <pin num="A14" name="P27" type="passive"/>
        <pin num="A15" name="P29" type="passive"/>
        <pin num="A16" name="P31" type="passive"/>
        <pin num="A17" name="P33" type="passive"/>
        <pin num="A18" name="P35" type="passive"/>
        <pin num="B1" name="P2" type="passive"/>
        <pin num="B2" name="P4" type="passive"/>
        <pin num="B3" name="P6" type="passive"/>
        <pin num="B4" name="P8" type="passive"/>
        <pin num="B5" name="P10" type="passive"/>
        <pin num="B6" name="P12" type="passive"/>
        <pin num="B7" name="P14" type="passive"/>
        <pin num="B8" name="P16" type="passive"/>
        <pin num="B9" name="P18" type="passive"/>
        <pin num="B10" name="P20" type="passive"/>
        <pin num="B11" name="P22" type="passive"/>
        <pin num="B12" name="P24" type="passive"/>
        <pin num="B13" name="P26" type="passive"/>
        <pin num="B14" name="P28" type="passive"/>
        <pin num="B15" name="P30" type="passive"/>
        <pin num="B16" name="P32" type="passive"/>
        <pin num="B17" name="P34" type="passive"/>
        <pin num="B18" name="P36" type="passive"/>
      </pins>
    </libpart>
    <libpart lib="device" part="R_Small">
      <description>Resistor, small symbol</description>
      <footprints>
        <fp>R_*</fp>
      </footprints>
      <fields>
        <field name="Reference">R</field>
        <field name="Value">R_Small</field>
      </fields>
      <pins>
        <pin num="1" name="~" type="passive"/>
        <pin num="2" name="~" type="passive"/>
      </pins>
    </libpart>
    <libpart lib="graphic_symbols" part="SYM_Flash_Small">
      <description>small flash symbol</description>
      <docs>~</docs>
      <fields>
        <field name="Reference">#SYM</field>
        <field name="Value">SYM_Flash_Small</field>
      </fields>
    </libpart>
    <libpart lib="conn" part="TEST_1P">
      <description>point</description>
      <fields>
        <field name="Reference">J</field>
        <field name="Value">TEST_1P</field>
      </fields>
      <pins>
        <pin num="1" name="1" type="passive"/>
      </pins>
    </libpart>
  </libparts>
  <libraries>
    <library logical="device">
      <uri>C:\Program Files\KiCad\share\kicad\library\device.lib</uri>
    </library>
    <library logical="conn">
      <uri>C:\Program Files\KiCad\share\kicad\library\conn.lib</uri>
    </library>
    <library logical="ATM90E26_Featherwing">
      <uri>C:\Users\Tisham\Documents\kicad\din_meter_atm90e26\ATM90E26_Featherwing.lib</uri>
    </library>
    <library logical="whatnick">
      <uri>C:\Users\Tisham\Documents\kicad\din_meter_atm90e26\whatnick.lib</uri>
    </library>
    <library logical="graphic_symbols">
      <uri>C:\Program Files\KiCad\share\kicad\library\graphic_symbols.lib</uri>
    </library>
  </libraries>
  <nets>
    <net code="1" name="Net-(C11-Pad1)">
      <node ref="C12" pin="1"/>
      <node ref="M2" pin="13"/>
      <node ref="C11" pin="1"/>
    </net>
    <net code="2" name="Net-(J8-Pad2)">
      <node ref="M2" pin="28"/>
      <node ref="J8" pin="2"/>
    </net>
    <net code="3" name="Net-(J7-Pad2)">
      <node ref="M2" pin="1"/>
      <node ref="J7" pin="2"/>
    </net>
    <net code="4" name="CLKOUT_1">
      <node ref="C13" pin="2"/>
      <node ref="M1" pin="23"/>
      <node ref="Y2" pin="1"/>
    </net>
    <net code="5" name="CLKIN_1">
      <node ref="M1" pin="22"/>
      <node ref="C14" pin="2"/>
      <node ref="Y2" pin="2"/>
    </net>
    <net code="6" name="CLKIN_0">
      <node ref="M2" pin="22"/>
      <node ref="C7" pin="2"/>
      <node ref="Y1" pin="2"/>
    </net>
    <net code="7" name="CLKOUT_0">
      <node ref="C6" pin="2"/>
      <node ref="Y1" pin="1"/>
      <node ref="M2" pin="23"/>
    </net>
    <net code="8" name="Net-(J1-Pad2)">
      <node ref="M1" pin="12"/>
      <node ref="J1" pin="2"/>
    </net>
    <net code="9" name="VN_0">
      <node ref="R1" pin="1"/>
      <node ref="C15" pin="2"/>
      <node ref="M2" pin="15"/>
    </net>
    <net code="10" name="CS_0">
      <node ref="J5" pin="4"/>
      <node ref="M2" pin="24"/>
    </net>
    <net code="11" name="Net-(J5-Pad3)">
      <node ref="J5" pin="3"/>
    </net>
    <net code="12" name="I2N_1_IN">
      <node ref="R10" pin="2"/>
      <node ref="J4" pin="B18"/>
    </net>
    <net code="13" name="Net-(J4-PadB17)">
      <node ref="J4" pin="B17"/>
    </net>
    <net code="14" name="I2P_1_IN">
      <node ref="J4" pin="B16"/>
      <node ref="R9" pin="2"/>
    </net>
    <net code="15" name="Net-(J4-PadB15)">
      <node ref="J4" pin="B15"/>
    </net>
    <net code="16" name="VP_0">
      <node ref="J4" pin="A2"/>
      <node ref="M2" pin="16"/>
    </net>
    <net code="17" name="Net-(J4-PadA11)">
      <node ref="J4" pin="A11"/>
    </net>
    <net code="18" name="Net-(J4-PadA10)">
      <node ref="J4" pin="A10"/>
    </net>
    <net code="19" name="Net-(J4-PadA9)">
      <node ref="J4" pin="A9"/>
    </net>
    <net code="20" name="Net-(J4-PadA7)">
      <node ref="J4" pin="A7"/>
    </net>
    <net code="21" name="Net-(J4-PadA6)">
      <node ref="J4" pin="A6"/>
    </net>
    <net code="22" name="Net-(J4-PadA5)">
      <node ref="J4" pin="A5"/>
    </net>
    <net code="23" name="Net-(J4-PadA3)">
      <node ref="J4" pin="A3"/>
    </net>
    <net code="24" name="GND_CPU">
      <node ref="J5" pin="2"/>
      <node ref="J4" pin="A12"/>
    </net>
    <net code="25" name="Net-(J4-PadB1)">
      <node ref="J4" pin="B1"/>
    </net>
    <net code="26" name="Net-(J6-Pad2)">
      <node ref="J6" pin="2"/>
      <node ref="M2" pin="12"/>
    </net>
    <net code="27" name="I2N_0_IN">
      <node ref="R8" pin="2"/>
      <node ref="J4" pin="B14"/>
    </net>
    <net code="28" name="Net-(J4-PadB13)">
      <node ref="J4" pin="B13"/>
    </net>
    <net code="29" name="I2P_0_IN">
      <node ref="R7" pin="2"/>
      <node ref="J4" pin="B12"/>
    </net>
    <net code="30" name="Net-(J4-PadB11)">
      <node ref="J4" pin="B11"/>
    </net>
    <net code="31" name="Net-(J4-PadB10)">
      <node ref="J4" pin="B10"/>
    </net>
    <net code="32" name="Net-(J4-PadB9)">
      <node ref="J4" pin="B9"/>
    </net>
    <net code="33" name="Net-(J4-PadB8)">
      <node ref="J4" pin="B8"/>
    </net>
    <net code="34" name="Net-(J4-PadB7)">
      <node ref="J4" pin="B7"/>
    </net>
    <net code="35" name="Net-(J4-PadB2)">
      <node ref="J4" pin="B2"/>
    </net>
    <net code="36" name="Net-(J4-PadA18)">
      <node ref="J4" pin="A18"/>
    </net>
    <net code="37" name="Net-(J4-PadA17)">
      <node ref="J4" pin="A17"/>
    </net>
    <net code="38" name="3V3_CPU">
      <node ref="J5" pin="1"/>
      <node ref="J4" pin="A16"/>
    </net>
    <net code="39" name="Net-(J4-PadA15)">
      <node ref="J4" pin="A15"/>
    </net>
    <net code="40" name="Net-(J4-PadA14)">
      <node ref="J4" pin="A14"/>
    </net>
    <net code="41" name="Net-(J4-PadA13)">
      <node ref="J4" pin="A13"/>
    </net>
    <net code="42" name="I2P_0">
      <node ref="C21" pin="2"/>
      <node ref="M2" pin="7"/>
      <node ref="R7" pin="1"/>
    </net>
    <net code="43" name="I1P_1_IN">
      <node ref="J4" pin="B4"/>
      <node ref="R5" pin="2"/>
    </net>
    <net code="44" name="I1P_0_IN">
      <node ref="J4" pin="B6"/>
      <node ref="R3" pin="2"/>
    </net>
    <net code="45" name="I2N_0">
      <node ref="R8" pin="1"/>
      <node ref="C22" pin="2"/>
      <node ref="M2" pin="8"/>
    </net>
    <net code="46" name="IRQ_0">
      <node ref="IRQ_0" pin="1"/>
      <node ref="M2" pin="20"/>
    </net>
    <net code="47" name="CF2_0">
      <node ref="M2" pin="19"/>
      <node ref="CF2_0" pin="1"/>
    </net>
    <net code="48" name="CF1_0">
      <node ref="M2" pin="18"/>
      <node ref="CF1_0" pin="1"/>
    </net>
    <net code="49" name="WARN_0">
      <node ref="WARN_0" pin="1"/>
      <node ref="M2" pin="17"/>
    </net>
    <net code="50" name="ZX_1">
      <node ref="M1" pin="21"/>
      <node ref="ZX_1" pin="1"/>
    </net>
    <net code="51" name="IRQ_1">
      <node ref="IRQ_1" pin="1"/>
      <node ref="M1" pin="20"/>
    </net>
    <net code="52" name="CF2_1">
      <node ref="M1" pin="19"/>
      <node ref="CF2_1" pin="1"/>
    </net>
    <net code="53" name="CF1_1">
      <node ref="M1" pin="18"/>
      <node ref="CF1_1" pin="1"/>
    </net>
    <net code="54" name="WARN_1">
      <node ref="WARN_1" pin="1"/>
      <node ref="M1" pin="17"/>
    </net>
    <net code="55" name="ZX_0">
      <node ref="ZX_0" pin="1"/>
      <node ref="M2" pin="21"/>
    </net>
    <net code="56" name="GND_ISO">
      <node ref="J5" pin="9"/>
      <node ref="J4" pin="A8"/>
      <node ref="L1" pin="1"/>
    </net>
    <net code="57" name="3V3_ISO">
      <node ref="J5" pin="10"/>
      <node ref="J4" pin="A1"/>
      <node ref="L2" pin="1"/>
    </net>
    <net code="58" name="GNDD">
      <node ref="M2" pin="14"/>
      <node ref="J3" pin="3"/>
      <node ref="J7" pin="1"/>
      <node ref="J2" pin="1"/>
      <node ref="M2" pin="2"/>
      <node ref="J6" pin="1"/>
      <node ref="M2" pin="6"/>
      <node ref="M2" pin="9"/>
      <node ref="C14" pin="1"/>
      <node ref="M1" pin="9"/>
      <node ref="M1" pin="2"/>
      <node ref="M1" pin="6"/>
      <node ref="C4" pin="2"/>
      <node ref="M1" pin="14"/>
      <node ref="C13" pin="1"/>
      <node ref="C3" pin="2"/>
      <node ref="J8" pin="3"/>
      <node ref="C2" pin="1"/>
      <node ref="C5" pin="2"/>
      <node ref="C1" pin="2"/>
      <node ref="C20" pin="1"/>
      <node ref="C22" pin="1"/>
      <node ref="C21" pin="1"/>
      <node ref="C19" pin="1"/>
      <node ref="J1" pin="1"/>
      <node ref="C9" pin="1"/>
      <node ref="C18" pin="1"/>
      <node ref="C24" pin="1"/>
      <node ref="C23" pin="1"/>
      <node ref="C17" pin="1"/>
      <node ref="C6" pin="1"/>
      <node ref="C16" pin="1"/>
      <node ref="C7" pin="1"/>
      <node ref="C11" pin="2"/>
      <node ref="C8" pin="2"/>
      <node ref="C12" pin="2"/>
      <node ref="C10" pin="2"/>
      <node ref="C15" pin="1"/>
      <node ref="R1" pin="2"/>
      <node ref="L1" pin="2"/>
      <node ref="R2" pin="2"/>
    </net>
    <net code="59" name="Net-(J2-Pad2)">
      <node ref="M1" pin="1"/>
      <node ref="J2" pin="2"/>
    </net>
    <net code="60" name="Net-(C4-Pad1)">
      <node ref="M1" pin="13"/>
      <node ref="C4" pin="1"/>
      <node ref="C5" pin="1"/>
    </net>
    <net code="61" name="I2N_1">
      <node ref="C24" pin="2"/>
      <node ref="M1" pin="8"/>
      <node ref="R10" pin="1"/>
    </net>
    <net code="62" name="I2P_1">
      <node ref="C23" pin="2"/>
      <node ref="M1" pin="7"/>
      <node ref="R9" pin="1"/>
    </net>
    <net code="63" name="Net-(J3-Pad2)">
      <node ref="M1" pin="28"/>
      <node ref="J3" pin="2"/>
    </net>
    <net code="64" name="I1P_0">
      <node ref="C17" pin="2"/>
      <node ref="R3" pin="1"/>
      <node ref="M2" pin="10"/>
    </net>
    <net code="65" name="I1N_0_IN">
      <node ref="J4" pin="B5"/>
      <node ref="R4" pin="2"/>
    </net>
    <net code="66" name="I1N_0">
      <node ref="C18" pin="2"/>
      <node ref="M2" pin="11"/>
      <node ref="R4" pin="1"/>
    </net>
    <net code="67" name="I1N_1_IN">
      <node ref="R6" pin="2"/>
      <node ref="J4" pin="B3"/>
    </net>
    <net code="68" name="VN_1">
      <node ref="R2" pin="1"/>
      <node ref="C16" pin="2"/>
      <node ref="M1" pin="15"/>
    </net>
    <net code="69" name="VP_1">
      <node ref="M1" pin="16"/>
      <node ref="J4" pin="A4"/>
    </net>
    <net code="70" name="CS_1">
      <node ref="J5" pin="8"/>
      <node ref="M1" pin="24"/>
    </net>
    <net code="71" name="SCLK">
      <node ref="M2" pin="25"/>
      <node ref="M1" pin="25"/>
      <node ref="J5" pin="5"/>
    </net>
    <net code="72" name="SO/TX">
      <node ref="J5" pin="6"/>
      <node ref="M1" pin="26"/>
      <node ref="M2" pin="26"/>
    </net>
    <net code="73" name="SI/RX">
      <node ref="M2" pin="27"/>
      <node ref="M1" pin="27"/>
      <node ref="J5" pin="7"/>
    </net>
    <net code="74" name="+3V3">
      <node ref="C8" pin="1"/>
      <node ref="C9" pin="2"/>
      <node ref="M1" pin="3"/>
      <node ref="M1" pin="4"/>
      <node ref="M1" pin="5"/>
      <node ref="L2" pin="2"/>
      <node ref="J2" pin="3"/>
      <node ref="J3" pin="1"/>
      <node ref="J1" pin="3"/>
      <node ref="C3" pin="1"/>
      <node ref="C10" pin="1"/>
      <node ref="J6" pin="3"/>
      <node ref="M2" pin="3"/>
      <node ref="M2" pin="4"/>
      <node ref="M2" pin="5"/>
      <node ref="C1" pin="1"/>
      <node ref="C2" pin="2"/>
      <node ref="J7" pin="3"/>
      <node ref="J8" pin="1"/>
    </net>
    <net code="75" name="I1P_1">
      <node ref="R5" pin="1"/>
      <node ref="C19" pin="2"/>
      <node ref="M1" pin="10"/>
    </net>
    <net code="76" name="I1N_1">
      <node ref="M1" pin="11"/>
      <node ref="R6" pin="1"/>
      <node ref="C20" pin="2"/>
    </net>
  </nets>
</export>
